[
    {
        "id": 1,
        "name": "John Smith",
        "contact": "0912354789",
        "address": "Sample Address"
    },
    {
        "id": 2,
        "name": "Claire Blake",
        "contact": "09789456123",
        "address": "Sample Address 102"
    },
    {
        "id": 3,
        "name": "Mike Williams",
        "contact": "09987564231",
        "address": "Sample Address 103"
    },
    {
        "id": "4",
        "name": "Samantha Lee",
        "contact": "09123789546",
        "address": "Sample Address 104"
    },
    {
        "id": 5,
        "name": "test",
        "contact": "123",
        "address": "asdad"
    }
]